saledate,type,bedrooms,avg_price
2007-02,house,3,290000.0
2007-02,house,4,525000.0
2007-03,house,3,319000.0
2007-03,house,4,380000.0
2007-04,house,3,399000.0
2007-04,house,4,997500.0
2007-05,house,3,339500.0
2007-06,house,3,345000.0
2007-06,house,4,710666.6666666666
2007-06,unit,2,300000.0
2007-07,house,1,327000.0
2007-07,house,3,517562.5
2007-07,house,4,861400.0
2007-07,house,5,667500.0
2007-07,unit,2,330000.0
2007-07,unit,3,480000.0
2007-08,house,2,320000.0
2007-08,house,3,499850.0
2007-08,house,4,566785.7142857143
2007-08,house,5,616500.0
2007-08,unit,3,395000.0
2007-09,house,3,501000.0
2007-09,house,4,574944.4444444445
2007-09,house,5,1460000.0
2007-09,unit,2,401800.0
2007-09,unit,3,490000.0
2007-10,house,1,204250.0
2007-10,house,3,426642.85714285716
2007-10,house,4,577000.0
2007-10,house,5,768333.3333333334
2007-10,unit,2,405000.0
2007-11,house,1,308000.0
2007-11,house,2,481000.0
2007-11,house,3,490642.85714285716
2007-11,house,4,550312.5
2007-11,house,5,600000.0
2007-12,house,2,259000.0
2007-12,house,3,448181.8181818182
2007-12,house,4,635714.2857142857
2007-12,house,5,930000.0
2007-12,unit,1,351000.0
2007-12,unit,2,279950.0
2007-12,unit,3,432000.0
2008-01,house,1,380000.0
2008-01,house,2,363250.0
2008-01,house,3,449000.0
2008-01,house,4,592812.5
2008-01,unit,1,315000.0
2008-02,house,2,515000.0
2008-02,house,3,431600.0
2008-02,house,4,572500.0
2008-02,house,5,680250.0
2008-03,house,3,492500.0
2008-03,house,4,665333.3333333334
2008-03,unit,2,400000.0
2008-04,house,1,292500.0
2008-04,house,3,439055.55555555556
2008-04,house,4,638437.5
2008-04,house,5,654333.3333333334
2008-04,unit,2,438000.0
2008-05,house,2,404666.6666666667
2008-05,house,3,484125.0
2008-05,house,4,601900.0
2008-05,house,5,750000.0
2008-05,unit,2,329000.0
2008-06,house,2,480000.0
2008-06,house,3,479839.28571428574
2008-06,house,4,571006.6666666666
2008-06,house,5,965000.0
2008-06,unit,1,289000.0
2008-06,unit,2,347300.0
2008-07,house,2,860000.0
2008-07,house,3,442384.6153846154
2008-07,house,4,629166.6666666666
2008-07,unit,2,367500.0
2008-07,unit,3,415000.0
2008-08,house,2,393166.6666666667
2008-08,house,3,402480.0
2008-08,house,4,516052.63157894736
2008-08,house,5,530000.0
2008-09,house,2,539100.0
2008-09,house,3,439236.5853658537
2008-09,house,4,525261.2903225806
2008-09,house,5,884166.6666666666
2008-09,unit,1,345000.0
2008-09,unit,2,307750.0
2008-10,house,2,402333.3333333333
2008-10,house,3,434979.26829268294
2008-10,house,4,543721.2121212122
2008-10,house,5,720000.0
2008-10,unit,0,90000.0
2008-10,unit,1,256625.0
2008-10,unit,2,347800.0
2008-11,house,2,470000.0
2008-11,house,3,460670.9090909091
2008-11,house,4,541210.5263157894
2008-11,house,5,597616.6666666666
2008-11,unit,1,373500.0
2008-11,unit,2,279983.3333333333
2008-11,unit,3,405000.0
2008-12,house,2,411600.0
2008-12,house,3,421293.47826086957
2008-12,house,4,566061.2068965518
2008-12,house,5,1107000.0
2008-12,unit,1,304666.6666666667
2008-12,unit,2,330000.0
2008-12,unit,3,392500.0
2009-01,house,2,442500.0
2009-01,house,3,413208.1395348837
2009-01,house,4,617528.9310344828
2009-01,house,5,750000.0
2009-01,unit,1,377500.0
2009-01,unit,2,347618.75
2009-01,unit,3,440666.6666666667
2009-02,house,2,410000.0
2009-02,house,3,397925.0
2009-02,house,4,531021.2765957447
2009-02,house,5,562375.0
2009-02,unit,1,331250.0
2009-02,unit,2,397868.4210526316
2009-02,unit,3,348333.3333333333
2009-03,house,2,329563.0
2009-03,house,3,460189.1891891892
2009-03,house,4,554927.6721311476
2009-03,house,5,612000.0
2009-03,unit,1,296400.0
2009-03,unit,2,388562.5
2009-03,unit,3,432625.0
2009-04,house,2,325500.0
2009-04,house,3,430385.57692307694
2009-04,house,4,568239.1086956522
2009-04,house,5,1016750.0
2009-04,unit,1,360000.0
2009-04,unit,2,380810.0
2009-04,unit,3,625000.0
2009-05,house,2,444700.0
2009-05,house,3,420903.2181818182
2009-05,house,4,543814.1304347826
2009-05,house,5,637250.0
2009-05,unit,1,235125.0
2009-05,unit,2,411800.0
2009-05,unit,3,785000.0
2009-06,house,2,447750.0
2009-06,house,3,460717.64705882355
2009-06,house,4,553171.052631579
2009-06,house,5,715166.6666666666
2009-06,unit,1,271785.71428571426
2009-06,unit,2,351281.25
2009-06,unit,3,425000.0
2009-07,house,2,426800.0
2009-07,house,3,451047.61904761905
2009-07,house,4,590498.6666666666
2009-07,house,5,733750.0
2009-07,unit,1,356666.6666666667
2009-07,unit,2,367427.2727272727
2009-07,unit,3,351750.0
2009-08,house,2,486700.0
2009-08,house,3,429873.9130434783
2009-08,house,4,570937.1794871795
2009-08,house,5,645000.0
2009-08,unit,1,302666.6666666667
2009-08,unit,2,426333.3333333333
2009-08,unit,3,485000.0
2009-09,house,2,655000.0
2009-09,house,3,447053.3898305085
2009-09,house,4,546837.8780487805
2009-09,house,5,832562.5
2009-09,unit,1,253333.33333333334
2009-09,unit,2,393931.25
2009-09,unit,3,386000.0
2009-10,house,2,492250.0
2009-10,house,3,470778.046875
2009-10,house,4,581578.125
2009-10,house,5,620100.0
2009-10,unit,1,353625.0
2009-10,unit,2,455444.44444444444
2009-10,unit,3,350000.0
2009-11,house,2,384000.0
2009-11,house,3,467959.8181818182
2009-11,house,4,637593.9655172414
2009-11,house,5,828166.6666666666
2009-11,unit,1,252220.0
2009-11,unit,2,419833.3333333333
2009-11,unit,3,500000.0
2009-12,house,2,342000.0
2009-12,house,3,492219.1666666667
2009-12,house,4,592792.3076923077
2009-12,house,5,793214.2857142857
2009-12,unit,1,303016.6666666667
2009-12,unit,2,388009.0909090909
2009-12,unit,3,590000.0
2010-01,house,2,350000.0
2010-01,house,3,445957.14285714284
2010-01,house,4,577222.2222222222
2010-01,house,5,816333.3333333334
2010-01,unit,1,334666.6666666667
2010-01,unit,2,491700.0
2010-01,unit,3,1530000.0
2010-02,house,2,564333.3333333334
2010-02,house,3,506450.0
2010-02,house,4,630687.5
2010-02,house,5,648275.0
2010-02,unit,1,264600.0
2010-02,unit,2,388333.3333333333
2010-02,unit,3,448500.0
2010-03,house,2,416750.0
2010-03,house,3,468835.66071428574
2010-03,house,4,606547.1698113207
2010-03,house,5,621187.5
2010-03,unit,1,387833.3333333333
2010-03,unit,2,510307.6923076923
2010-03,unit,3,477625.0
2010-04,house,2,513100.0
2010-04,house,3,520292.85714285716
2010-04,house,4,666884.3137254902
2010-04,house,5,1864333.3333333333
2010-04,unit,1,350750.0
2010-04,unit,2,443500.0
2010-04,unit,3,530000.0
2010-05,house,1,280000.0
2010-05,house,2,539500.0
2010-05,house,3,503674.1935483871
2010-05,house,4,619818.0
2010-05,house,5,679454.5454545454
2010-05,unit,1,373750.0
2010-05,unit,2,450993.75
2010-05,unit,3,558400.0
2010-05,unit,4,550000.0
2010-06,house,1,315000.0
2010-06,house,2,399500.0
2010-06,house,3,467835.0
2010-06,house,4,650431.7857142857
2010-06,house,5,1109500.0
2010-06,unit,1,276316.6666666667
2010-06,unit,2,432250.0
2010-06,unit,3,582500.0
2010-07,house,1,320000.0
2010-07,house,2,606750.0
2010-07,house,3,492361.45098039217
2010-07,house,4,569974.7916666666
2010-07,house,5,691090.0
2010-07,unit,1,359333.3333333333
2010-07,unit,2,410145.45454545453
2010-07,unit,3,472666.6666666667
2010-07,unit,4,400000.0
2010-08,house,1,345000.0
2010-08,house,2,413333.3333333333
2010-08,house,3,498502.8064516129
2010-08,house,4,625498.9361702128
2010-08,house,5,761000.0
2010-08,unit,1,329571.4285714286
2010-08,unit,2,464605.55555555556
2010-08,unit,3,440000.0
2010-09,house,2,588000.0
2010-09,house,3,504771.6666666667
2010-09,house,4,606154.7619047619
2010-09,house,5,704875.0
2010-09,unit,1,373750.0
2010-09,unit,2,408147.5
2010-09,unit,3,522500.0
2010-10,house,2,467868.75
2010-10,house,3,526412.3076923077
2010-10,house,4,663679.7872340425
2010-10,house,5,761428.5714285715
2010-10,unit,1,345750.0
2010-10,unit,2,427050.0
2010-10,unit,3,724750.0
2010-11,house,2,436000.0
2010-11,house,3,507377.02702702704
2010-11,house,4,640286.0294117647
2010-11,house,5,939838.0
2010-11,unit,1,297333.3333333333
2010-11,unit,2,382845.3333333333
2010-11,unit,3,615666.6666666666
2010-12,house,1,326500.0
2010-12,house,2,369142.85714285716
2010-12,house,3,513077.34375
2010-12,house,4,642367.5438596491
2010-12,house,5,757916.6666666666
2010-12,unit,1,345666.6666666667
2010-12,unit,2,464807.14285714284
2010-12,unit,3,517000.0
2011-01,house,2,340000.0
2011-01,house,3,461362.63157894736
2011-01,house,4,553494.2307692308
2011-01,house,5,1007500.0
2011-01,unit,1,367475.0
2011-01,unit,2,423125.0
2011-01,unit,3,520000.0
2011-02,house,1,401650.0
2011-02,house,2,452500.0
2011-02,house,3,506361.20588235295
2011-02,house,4,610923.6521739131
2011-02,house,5,800777.7777777778
2011-02,unit,1,332250.0
2011-02,unit,2,398055.55555555556
2011-02,unit,3,473000.0
2011-02,unit,4,601000.0
2011-03,house,2,578200.0
2011-03,house,3,525366.2727272727
2011-03,house,4,722470.9696969697
2011-03,house,5,822111.1111111111
2011-03,unit,1,446666.6666666667
2011-03,unit,2,411950.0
2011-03,unit,3,615000.0
2011-04,house,2,488333.3333333333
2011-04,house,3,497184.92063492065
2011-04,house,4,634320.8620689656
2011-04,house,5,802692.3076923077
2011-04,unit,1,338250.0
2011-04,unit,2,513166.6666666667
2011-04,unit,3,416333.3333333333
2011-04,unit,4,408000.0
2011-05,house,2,427666.6666666667
2011-05,house,3,523430.1081081081
2011-05,house,4,695754.9019607843
2011-05,house,5,720437.5
2011-05,unit,1,346250.0
2011-05,unit,2,395846.1538461539
2011-05,unit,3,510000.0
2011-05,unit,4,521000.0
2011-06,house,2,474700.0
2011-06,house,3,578706.5909090909
2011-06,house,4,601025.8620689656
2011-06,house,5,825831.6666666666
2011-06,unit,2,434400.0
2011-06,unit,3,561500.0
2011-07,house,2,655000.0
2011-07,house,3,519037.5
2011-07,house,4,633454.0
2011-07,house,5,640800.0
2011-07,unit,1,304387.5
2011-07,unit,2,488666.6666666667
2011-07,unit,4,370000.0
2011-08,house,1,560000.0
2011-08,house,2,536250.0
2011-08,house,3,528032.7868852459
2011-08,house,4,607343.06
2011-08,house,5,763406.25
2011-08,unit,1,348950.0
2011-08,unit,2,414714.28571428574
2011-08,unit,3,363500.0
2011-09,house,2,397833.3333333333
2011-09,house,3,501223.5294117647
2011-09,house,4,847173.0769230769
2011-09,house,5,1317333.3333333333
2011-09,unit,1,355700.0
2011-09,unit,2,413564.28571428574
2011-09,unit,3,501500.0
2011-10,house,1,363000.0
2011-10,house,2,453666.6666666667
2011-10,house,3,491631.1475409836
2011-10,house,4,629557.1428571428
2011-10,house,5,1042277.7777777778
2011-10,unit,1,345750.0
2011-10,unit,2,420900.0
2011-10,unit,3,460300.0
2011-10,unit,4,1250000.0
2011-11,house,2,385750.0
2011-11,house,3,523167.40506329114
2011-11,house,4,645199.2647058824
2011-11,house,5,823833.3333333334
2011-11,unit,1,331590.0
2011-11,unit,2,468066.6666666667
2011-11,unit,3,925000.0
2011-12,house,1,685000.0
2011-12,house,2,383500.0
2011-12,house,3,480200.3076923077
2011-12,house,4,664275.0
2011-12,house,5,852875.0
2011-12,unit,1,304190.0
2011-12,unit,2,411200.0
2011-12,unit,3,436000.0
2012-01,house,1,395000.0
2012-01,house,2,405000.0
2012-01,house,3,483744.44444444444
2012-01,house,4,620166.6666666666
2012-01,house,5,952700.0
2012-01,unit,1,357000.0
2012-01,unit,2,415571.4285714286
2012-01,unit,3,455000.0
2012-02,house,2,510000.0
2012-02,house,3,501746.6216216216
2012-02,house,4,582444.4444444445
2012-02,house,5,746666.6666666666
2012-02,unit,1,345285.71428571426
2012-02,unit,2,407150.0
2012-02,unit,3,456000.0
2012-03,house,1,342500.0
2012-03,house,2,574800.0
2012-03,house,3,492798.1927710843
2012-03,house,4,659130.701754386
2012-03,house,5,694863.6363636364
2012-03,unit,1,317916.6666666667
2012-03,unit,2,450388.8888888889
2012-03,unit,3,514000.0
2012-04,house,1,370150.0
2012-04,house,2,835000.0
2012-04,house,3,483918.8103448276
2012-04,house,4,567846.3823529412
2012-04,house,5,953214.2857142857
2012-04,unit,1,327166.6666666667
2012-04,unit,2,404650.0
2012-04,unit,3,539000.0
2012-05,house,1,239000.0
2012-05,house,2,419500.0
2012-05,house,3,484450.73529411765
2012-05,house,4,590408.5
2012-05,house,5,855500.0
2012-05,unit,1,366142.85714285716
2012-05,unit,2,403125.0
2012-05,unit,3,582333.3333333334
2012-05,unit,4,588000.0
2012-06,house,1,281000.0
2012-06,house,3,480891.8181818182
2012-06,house,4,587416.6666666666
2012-06,house,5,690250.0
2012-06,unit,1,376666.6666666667
2012-06,unit,2,366357.14285714284
2012-06,unit,3,585000.0
2012-07,house,2,436600.0
2012-07,house,3,510679.8474576271
2012-07,house,4,603679.5918367347
2012-07,house,5,846611.1111111111
2012-07,unit,1,393000.0
2012-07,unit,2,419287.5
2012-07,unit,3,586666.6666666666
2012-08,house,2,491312.5
2012-08,house,3,466341.3333333333
2012-08,house,4,595061.9523809524
2012-08,house,5,803928.5714285715
2012-08,unit,1,331428.4285714286
2012-08,unit,2,420600.0
2012-08,unit,3,629750.0
2012-09,house,0,415000.0
2012-09,house,2,470250.0
2012-09,house,3,529166.4179104478
2012-09,house,4,643846.7741935484
2012-09,house,5,995157.1428571428
2012-09,unit,1,345975.3
2012-09,unit,2,443437.5
2012-09,unit,3,513875.0
2012-10,house,2,417000.0
2012-10,house,3,520819.69863013696
2012-10,house,4,643240.8333333334
2012-10,house,5,879090.9090909091
2012-10,unit,1,355111.1111111111
2012-10,unit,2,390933.3333333333
2012-10,unit,3,518666.6666666667
2012-11,house,2,471885.5714285714
2012-11,house,3,530983.1904761905
2012-11,house,4,680224.358974359
2012-11,house,5,864166.6666666666
2012-11,unit,1,385166.6666666667
2012-11,unit,2,423666.6666666667
2012-11,unit,3,464990.0
2012-11,unit,4,1555000.0
2012-12,house,2,509750.0
2012-12,house,3,505861.1111111111
2012-12,house,4,677641.1290322581
2012-12,house,5,791843.75
2012-12,unit,1,400583.3333333333
2012-12,unit,2,487625.0
2012-12,unit,3,527500.0
2013-01,house,1,241000.0
2013-01,house,2,431500.0
2013-01,house,3,491602.1224489796
2013-01,house,4,603251.3157894737
2013-01,house,5,817500.0
2013-01,unit,1,347000.0
2013-01,unit,2,422778.125
2013-01,unit,3,755000.0
2013-02,house,0,665000.0
2013-02,house,2,311175.0
2013-02,house,3,483483.75
2013-02,house,4,607203.3571428572
2013-02,house,5,684750.0
2013-02,unit,1,370000.0
2013-02,unit,2,405817.85714285716
2013-02,unit,3,573750.0
2013-03,house,1,575000.0
2013-03,house,3,520100.0
2013-03,house,4,637626.0576923077
2013-03,house,5,866833.3333333334
2013-03,unit,0,207500.0
2013-03,unit,1,359400.0
2013-03,unit,2,400526.0
2013-03,unit,3,553000.0
2013-03,unit,4,472500.0
2013-04,house,2,450041.6666666667
2013-04,house,3,507822.6119402985
2013-04,house,4,626478.0892857143
2013-04,house,5,851500.0
2013-04,unit,1,309400.0
2013-04,unit,2,415025.0
2013-04,unit,3,614500.0
2013-05,house,0,725000.0
2013-05,house,2,424500.0
2013-05,house,3,512705.9210526316
2013-05,house,4,637601.9166666666
2013-05,house,5,708083.3333333334
2013-05,unit,1,361055.55555555556
2013-05,unit,2,406990.0
2013-05,unit,3,522416.6666666667
2013-06,house,0,630000.0
2013-06,house,2,305000.0
2013-06,house,3,486264.30379746837
2013-06,house,4,604979.8076923077
2013-06,house,5,633000.0
2013-06,unit,1,345277.77777777775
2013-06,unit,2,461366.6666666667
2013-06,unit,3,475000.0
2013-07,house,0,620000.0
2013-07,house,2,410000.0
2013-07,house,3,512277.1214953271
2013-07,house,4,615421.9285714285
2013-07,house,5,699050.0
2013-07,unit,1,317600.0
2013-07,unit,2,434220.5882352941
2013-07,unit,3,625000.0
2013-08,house,0,543000.0
2013-08,house,2,404583.3333333333
2013-08,house,3,477284.3820224719
2013-08,house,4,626839.9534883721
2013-08,house,5,714710.5263157894
2013-08,unit,1,290457.14285714284
2013-08,unit,2,454176.4705882353
2013-08,unit,3,449450.0
2013-09,house,1,307316.6666666667
2013-09,house,2,494333.3333333333
2013-09,house,3,489572.7272727273
2013-09,house,4,633925.3623188406
2013-09,house,5,793000.0
2013-09,unit,1,365875.0
2013-09,unit,2,421777.77777777775
2013-09,unit,3,497800.0
2013-10,house,2,495666.6666666667
2013-10,house,3,523892.6666666667
2013-10,house,4,660482.8125
2013-10,house,5,720318.1818181818
2013-10,unit,1,360000.0
2013-10,unit,2,434600.0
2013-10,unit,3,710875.0
2013-10,unit,4,473000.0
2013-11,house,2,354803.3
2013-11,house,3,490852.0202020202
2013-11,house,4,652059.411111111
2013-11,house,5,796769.2307692308
2013-11,unit,1,342916.6666666667
2013-11,unit,2,428930.55555555556
2013-11,unit,3,616633.3333333334
2013-12,house,2,509071.4285714286
2013-12,house,3,524633.5714285715
2013-12,house,4,669208.3333333334
2013-12,house,5,876833.3333333334
2013-12,unit,1,280625.0
2013-12,unit,2,537892.3076923077
2013-12,unit,3,767500.0
2013-12,unit,4,565000.0
2014-01,house,2,408000.0
2014-01,house,3,494628.9534883721
2014-01,house,4,622679.4871794871
2014-01,house,5,763791.6666666666
2014-01,unit,0,185000.0
2014-01,unit,1,342125.0
2014-01,unit,2,435600.0
2014-01,unit,3,556000.0
2014-02,house,1,343000.0
2014-02,house,2,464700.0
2014-02,house,3,506257.5048543689
2014-02,house,4,672162.9213483146
2014-02,house,5,782161.7647058824
2014-02,unit,1,381887.22222222225
2014-02,unit,2,458712.5
2014-02,unit,3,595583.3333333334
2014-02,unit,4,805000.0
2014-03,house,1,158500.0
2014-03,house,2,378875.0
2014-03,house,3,518245.1923076923
2014-03,house,4,685603.7735849057
2014-03,house,5,794583.3333333334
2014-03,unit,1,349583.3333333333
2014-03,unit,2,399839.9130434783
2014-03,unit,3,506875.0
2014-03,unit,4,860000.0
2014-04,house,2,438750.0
2014-04,house,3,505459.3137254902
2014-04,house,4,654982.0
2014-04,house,5,826375.0
2014-04,unit,1,313118.75
2014-04,unit,2,408770.8333333333
2014-04,unit,3,610000.0
2014-05,house,2,413357.14285714284
2014-05,house,3,532955.612244898
2014-05,house,4,661934.8387096775
2014-05,house,5,815263.1578947369
2014-05,unit,1,377857.14285714284
2014-05,unit,2,428727.2727272727
2014-05,unit,3,672000.0
2014-05,unit,5,1490000.0
2014-06,house,2,429285.71428571426
2014-06,house,3,497936.25
2014-06,house,4,687354.0684931506
2014-06,house,5,977883.4
2014-06,unit,1,340000.0
2014-06,unit,2,502881.8181818182
2014-06,unit,3,653708.0
2014-07,house,2,556375.0
2014-07,house,3,503693.9534883721
2014-07,house,4,638848.9230769231
2014-07,house,5,784430.5
2014-07,unit,1,412000.0
2014-07,unit,2,418025.0
2014-07,unit,3,707666.6666666666
2014-07,unit,4,722500.0
2014-07,unit,5,729000.0
2014-08,house,2,389583.3333333333
2014-08,house,3,531515.5172413794
2014-08,house,4,654019.1208791209
2014-08,house,5,786166.6666666666
2014-08,unit,1,299636.36363636365
2014-08,unit,2,398675.0
2014-08,unit,3,526633.3333333334
2014-09,house,1,646250.0
2014-09,house,2,463583.3333333333
2014-09,house,3,503860.9756097561
2014-09,house,4,667088.05
2014-09,house,5,1102210.5263157894
2014-09,unit,1,343075.0
2014-09,unit,2,393100.0
2014-09,unit,3,710400.0
2014-10,house,2,502500.0
2014-10,house,3,526231.7642276423
2014-10,house,4,669693.4606741572
2014-10,house,5,808800.0
2014-10,unit,1,382750.0
2014-10,unit,2,470526.3157894737
2014-10,unit,3,581388.8888888889
2014-10,unit,4,498000.0
2014-11,house,2,548271.4285714285
2014-11,house,3,543289.1608391608
2014-11,house,4,745175.572519084
2014-11,house,5,869288.4615384615
2014-11,unit,1,349866.6666666667
2014-11,unit,2,507261.76470588235
2014-11,unit,3,625950.0
2014-11,unit,5,1220000.0
2014-12,house,0,405000.0
2014-12,house,1,1250000.0
2014-12,house,2,533500.0
2014-12,house,3,531492.9696969697
2014-12,house,4,660703.6761904762
2014-12,house,5,888852.9411764706
2014-12,unit,1,263038.8888888889
2014-12,unit,2,434898.14814814815
2014-12,unit,3,456050.0
2014-12,unit,4,620000.0
2015-01,house,0,612500.0
2015-01,house,2,428569.25
2015-01,house,3,484248.6111111111
2015-01,house,4,646459.4594594594
2015-01,house,5,926495.3333333334
2015-01,unit,1,363928.5714285714
2015-01,unit,2,442857.14285714284
2015-01,unit,3,377500.0
2015-02,house,2,613900.0
2015-02,house,3,522260.26785714284
2015-02,house,4,698167.094017094
2015-02,house,5,938000.0
2015-02,unit,1,333556.25
2015-02,unit,2,436541.6666666667
2015-02,unit,3,614909.0909090909
2015-03,house,1,305500.0
2015-03,house,2,475200.0
2015-03,house,3,588581.9672131147
2015-03,house,4,713126.3687943262
2015-03,house,5,832620.0
2015-03,unit,1,335166.6666666667
2015-03,unit,2,450575.0
2015-03,unit,3,754345.8333333334
2015-03,unit,4,750000.0
2015-04,house,2,439300.0
2015-04,house,3,531717.8571428572
2015-04,house,4,672162.1262135922
2015-04,house,5,874500.0
2015-04,unit,0,315000.0
2015-04,unit,1,301269.23076923075
2015-04,unit,2,456450.0
2015-04,unit,3,719628.5714285715
2015-04,unit,4,645000.0
2015-05,house,1,670000.0
2015-05,house,2,511750.0
2015-05,house,3,577037.376
2015-05,house,4,722080.2887323943
2015-05,house,5,931300.0
2015-05,unit,1,302703.125
2015-05,unit,2,411061.275862069
2015-05,unit,3,667600.0
2015-05,unit,4,625000.0
2015-06,house,0,905000.0
2015-06,house,2,700625.0
2015-06,house,3,513110.1030927835
2015-06,house,4,694011.4583333334
2015-06,house,5,829000.0
2015-06,unit,0,568000.0
2015-06,unit,1,345628.73333333334
2015-06,unit,2,462857.14285714284
2015-06,unit,3,585416.6666666666
2015-07,house,2,388857.14285714284
2015-07,house,3,527015.9345794392
2015-07,house,4,675107.9587628866
2015-07,house,5,1064645.2105263157
2015-07,unit,1,333368.75
2015-07,unit,2,430740.6153846154
2015-07,unit,3,550500.0
2015-08,house,1,215000.0
2015-08,house,2,460109.0909090909
2015-08,house,3,554016.6129032258
2015-08,house,4,734311.1031746032
2015-08,house,5,919460.0
2015-08,unit,1,326133.3333333333
2015-08,unit,2,406514.28571428574
2015-08,unit,3,578800.0
2015-09,house,1,210000.0
2015-09,house,2,495250.0
2015-09,house,3,530171.7105263158
2015-09,house,4,722312.3333333334
2015-09,house,5,914095.8333333334
2015-09,unit,1,346136.36363636365
2015-09,unit,2,406000.0
2015-09,unit,3,523818.1818181818
2015-09,unit,4,1430000.0
2015-10,house,0,1059000.0
2015-10,house,1,93000.0
2015-10,house,2,529676.4705882353
2015-10,house,3,576822.2551724138
2015-10,house,4,743067.1212121212
2015-10,house,5,1040906.9032258064
2015-10,unit,1,289083.3333333333
2015-10,unit,2,434000.0
2015-10,unit,3,622250.0
2015-11,house,1,210000.0
2015-11,house,2,560083.3333333334
2015-11,house,3,583619.8630136986
2015-11,house,4,842299.7023809524
2015-11,house,5,899154.4117647059
2015-11,unit,1,329299.0
2015-11,unit,2,441722.22222222225
2015-11,unit,3,482312.5
2015-11,unit,4,467500.0
2015-12,house,2,493500.0
2015-12,house,3,566501.8181818182
2015-12,house,4,749177.5703703704
2015-12,house,5,904134.2857142857
2015-12,unit,1,320500.0
2015-12,unit,2,413240.3846153846
2015-12,unit,3,599285.7142857143
2016-01,house,1,215000.0
2016-01,house,2,492875.0
2016-01,house,3,514635.48387096776
2016-01,house,4,672738.0952380953
2016-01,house,5,875083.3333333334
2016-01,unit,1,335494.44444444444
2016-01,unit,2,459941.17647058825
2016-01,unit,3,667000.0
2016-01,unit,4,392500.0
2016-02,house,1,380000.0
2016-02,house,2,476500.0
2016-02,house,3,558629.7214285714
2016-02,house,4,737165.3225806452
2016-02,house,5,875880.9523809524
2016-02,unit,1,333090.9090909091
2016-02,unit,2,435065.9459459459
2016-02,unit,3,579375.0
2016-02,unit,4,405000.0
2016-03,house,0,909500.0
2016-03,house,1,364333.3333333333
2016-03,house,2,505045.45454545453
2016-03,house,3,566588.0666666667
2016-03,house,4,737714.1818181818
2016-03,house,5,870574.074074074
2016-03,unit,1,331421.05263157893
2016-03,unit,2,457664.70588235295
2016-03,unit,3,691998.0
2016-04,house,1,395000.0
2016-04,house,2,382636.36363636365
2016-04,house,3,582029.85
2016-04,house,4,753032.2314049586
2016-04,house,5,893037.0370370371
2016-04,unit,1,311590.3846153846
2016-04,unit,2,419757.6923076923
2016-04,unit,3,801493.3333333334
2016-05,house,2,440416.6666666667
2016-05,house,3,539813.75
2016-05,house,4,759931.9548872181
2016-05,house,5,847967.7419354839
2016-05,unit,1,332972.22222222225
2016-05,unit,2,445041.6666666667
2016-05,unit,3,617200.0
2016-06,house,1,328000.0
2016-06,house,2,535285.7142857143
2016-06,house,3,554178.6516853933
2016-06,house,4,695347.8723404255
2016-06,house,5,895363.6363636364
2016-06,unit,1,318593.4736842105
2016-06,unit,2,469137.5
2016-06,unit,3,523166.6666666667
2016-07,house,1,185000.0
2016-07,house,2,587583.3333333334
2016-07,house,3,564618.6744186047
2016-07,house,4,697493.023255814
2016-07,house,5,902583.3333333334
2016-07,unit,1,311219.44444444444
2016-07,unit,2,423342.5925925926
2016-07,unit,3,729500.0
2016-08,house,1,285500.0
2016-08,house,2,399964.28571428574
2016-08,house,3,566015.173553719
2016-08,house,4,725946.9026548673
2016-08,house,5,1160055.5555555555
2016-08,unit,1,328722.0
2016-08,unit,2,415250.0
2016-08,unit,3,532555.5555555555
2016-08,unit,4,1550000.0
2016-09,house,2,624000.0
2016-09,house,3,634615.2910447761
2016-09,house,4,742502.380952381
2016-09,house,5,957043.1034482758
2016-09,unit,1,323815.7894736842
2016-09,unit,2,459891.93548387097
2016-09,unit,3,558555.5555555555
2016-10,house,0,617500.0
2016-10,house,1,240000.0
2016-10,house,2,551992.8571428572
2016-10,house,3,569614.7651515151
2016-10,house,4,781289.0625
2016-10,house,5,970312.5
2016-10,unit,1,305236.84210526315
2016-10,unit,2,462387.0967741936
2016-10,unit,3,490833.3333333333
2016-11,house,0,465000.0
2016-11,house,1,302666.6666666667
2016-11,house,2,630650.0
2016-11,house,3,661734.076433121
2016-11,house,4,809144.6291390728
2016-11,house,5,1176833.3333333333
2016-11,unit,1,329323.8095238095
2016-11,unit,2,432204.21428571426
2016-11,unit,3,666690.0
2016-12,house,1,205000.0
2016-12,house,2,529115.3846153846
2016-12,house,3,604177.1523178808
2016-12,house,4,746480.9523809524
2016-12,house,5,1073897.0588235294
2016-12,unit,1,330121.875
2016-12,unit,2,397464.51612903224
2016-12,unit,3,556155.5555555555
2016-12,unit,4,492500.0
2017-01,house,2,349666.6666666667
2017-01,house,3,523864.28571428574
2017-01,house,4,700768.5
2017-01,house,5,952333.3333333334
2017-01,unit,0,510000.0
2017-01,unit,1,348532.14285714284
2017-01,unit,2,409768.1818181818
2017-01,unit,3,507800.0
2017-02,house,1,296100.0
2017-02,house,2,487863.63636363635
2017-02,house,3,615497.2253521127
2017-02,house,4,825711.7405063291
2017-02,house,5,1104354.8387096773
2017-02,unit,1,314176.0869565217
2017-02,unit,2,435713.0612244898
2017-02,unit,3,528545.4545454546
2017-03,house,1,430000.0
2017-03,house,2,498738.46153846156
2017-03,house,3,617934.9315068494
2017-03,house,4,803864.1025641026
2017-03,house,5,1031333.3333333334
2017-03,unit,1,337540.9090909091
2017-03,unit,2,449337.02
2017-03,unit,3,575000.0
2017-04,house,1,332000.0
2017-04,house,2,552958.3333333334
2017-04,house,3,621809.92481203
2017-04,house,4,845607.5
2017-04,house,5,985667.8846153846
2017-04,unit,1,310163.3333333333
2017-04,unit,2,413196.25
2017-04,unit,3,539687.5
2017-04,unit,4,602500.0
2017-05,house,0,1150000.0
2017-05,house,2,487509.1176470588
2017-05,house,3,620594.5869565217
2017-05,house,4,798468.6086956522
2017-05,house,5,940455.8823529412
2017-05,unit,1,325814.51612903224
2017-05,unit,2,429650.0
2017-05,unit,3,647392.8571428572
2017-06,house,1,312500.0
2017-06,house,2,423554.1666666667
2017-06,house,3,609377.2389380531
2017-06,house,4,777057.0247933884
2017-06,house,5,1025920.0
2017-06,unit,1,322611.76470588235
2017-06,unit,2,440760.9756097561
2017-06,unit,3,492309.0909090909
2017-07,house,2,399850.0
2017-07,house,3,603252.5510204082
2017-07,house,4,897425.5225225225
2017-07,house,5,981659.0909090909
2017-07,unit,1,330636.53846153844
2017-07,unit,2,406951.2195121951
2017-07,unit,3,557086.3636363636
2017-07,unit,4,490000.0
2017-08,house,0,344500.0
2017-08,house,1,283000.0
2017-08,house,2,445500.0
2017-08,house,3,603182.44
2017-08,house,4,778370.9649122807
2017-08,house,5,1012880.0
2017-08,unit,1,336291.6666666667
2017-08,unit,2,457058.6956521739
2017-08,unit,3,523166.6666666667
2017-09,house,2,402433.3333333333
2017-09,house,3,614193.8531468532
2017-09,house,4,829936.3953488372
2017-09,house,5,987777.7777777778
2017-09,unit,0,499000.0
2017-09,unit,1,353538.46153846156
2017-09,unit,2,418032.0833333333
2017-09,unit,3,748111.1111111111
2017-09,unit,4,400000.0
2017-10,house,1,312500.0
2017-10,house,2,544138.8888888889
2017-10,house,3,600612.4113475177
2017-10,house,4,804668.0704225352
2017-10,house,5,966519.2307692308
2017-10,unit,1,357620.8333333333
2017-10,unit,2,442572.36842105264
2017-10,unit,3,515961.53846153844
2017-11,house,1,385750.0
2017-11,house,2,534396.4285714285
2017-11,house,3,633972.4408602151
2017-11,house,4,903057.2211055276
2017-11,house,5,1070590.2777777778
2017-11,unit,1,333716.6666666667
2017-11,unit,2,436788.7931034483
2017-11,unit,3,705444.4444444445
2017-12,house,1,310000.0
2017-12,house,2,699250.0
2017-12,house,3,625185.9712230216
2017-12,house,4,825530.1395348837
2017-12,house,5,1094696.9696969697
2017-12,unit,1,342956.52173913043
2017-12,unit,2,439040.54054054053
2017-12,unit,3,591600.0
2017-12,unit,4,680000.0
2018-01,house,2,416750.0
2018-01,house,3,593738.4883720931
2018-01,house,4,780140.0
2018-01,house,5,1060785.7142857143
2018-01,unit,1,350804.54545454547
2018-01,unit,2,427735.13513513515
2018-01,unit,3,514571.4285714286
2018-02,house,1,224000.0
2018-02,house,2,520812.5
2018-02,house,3,627142.6690140845
2018-02,house,4,881124.15625
2018-02,house,5,906714.2857142857
2018-02,unit,1,335232.4324324324
2018-02,unit,2,450571.625
2018-02,unit,3,609100.0
2018-02,unit,4,535000.0
2018-03,house,1,262000.0
2018-03,house,2,600200.0
2018-03,house,3,629880.6896551724
2018-03,house,4,856430.1948051949
2018-03,house,5,1153770.2702702703
2018-03,unit,1,359500.0
2018-03,unit,2,452930.55555555556
2018-03,unit,3,506421.875
2018-03,unit,4,645000.0
2018-04,house,2,468533.3333333333
2018-04,house,3,645611.407079646
2018-04,house,4,877433.962264151
2018-04,house,5,1132565.2173913044
2018-04,unit,1,342075.0
2018-04,unit,2,414838.96774193546
2018-04,unit,3,529166.6666666666
2018-05,house,1,315000.0
2018-05,house,2,650100.0
2018-05,house,3,630602.4402515723
2018-05,house,4,847557.2647058824
2018-05,house,5,966482.7586206896
2018-05,unit,1,337134.2105263158
2018-05,unit,2,445217.0
2018-05,unit,3,587647.0588235294
2018-06,house,2,488166.6666666667
2018-06,house,3,612587.1559633027
2018-06,house,4,837086.1111111111
2018-06,house,5,987450.0
2018-06,unit,1,320012.9032258064
2018-06,unit,2,437390.9090909091
2018-06,unit,3,721500.0
2018-07,house,2,468059.0909090909
2018-07,house,3,626589.4736842106
2018-07,house,4,805631.6477272727
2018-07,house,5,989187.5
2018-07,unit,1,362404.28571428574
2018-07,unit,2,406203.5869565217
2018-07,unit,3,683216.6666666666
2018-07,unit,4,300000.0
2018-08,house,1,428000.0
2018-08,house,2,537300.0
2018-08,house,3,629654.4242424242
2018-08,house,4,772490.2065217391
2018-08,house,5,887826.0869565217
2018-08,unit,0,325000.0
2018-08,unit,1,335446.3870967742
2018-08,unit,2,447898.8604651163
2018-08,unit,3,506628.5714285714
2018-09,house,1,290250.0
2018-09,house,2,580000.0
2018-09,house,3,631120.6666666666
2018-09,house,4,818932.1428571428
2018-09,house,5,993000.0
2018-09,unit,1,346750.0
2018-09,unit,2,431681.2368421053
2018-09,unit,3,665150.0
2018-10,house,2,524875.0
2018-10,house,3,633183.6734693878
2018-10,house,4,804686.4742268041
2018-10,house,5,1012115.3846153846
2018-10,unit,1,441500.0
2018-10,unit,2,401946.488372093
2018-10,unit,3,570904.5454545454
2018-11,house,1,333000.0
2018-11,house,2,549522.2222222222
2018-11,house,3,619817.619047619
2018-11,house,4,791693.2736842105
2018-11,house,5,1047660.7142857143
2018-11,unit,1,312775.8620689655
2018-11,unit,2,447484.0909090909
2018-11,unit,3,676428.5714285715
2018-12,house,1,300000.0
2018-12,house,2,517142.85714285716
2018-12,house,3,653314.0243902439
2018-12,house,4,833715.65625
2018-12,house,5,954821.4285714285
2018-12,unit,1,343392.85714285716
2018-12,unit,2,410107.4074074074
2018-12,unit,3,763800.0
2019-01,house,2,399083.3333333333
2019-01,house,3,630606.3829787234
2019-01,house,4,776720.0
2019-01,house,5,945875.0
2019-01,unit,1,308875.0
2019-01,unit,2,393105.1724137931
2019-01,unit,3,492237.5
2019-02,house,1,399800.0
2019-02,house,2,378833.3333333333
2019-02,house,3,610156.8656716418
2019-02,house,4,832560.3448275862
2019-02,house,5,872076.9230769231
2019-02,unit,1,337944.44444444444
2019-02,unit,2,438342.1052631579
2019-02,unit,3,513333.3333333333
2019-03,house,2,408333.3333333333
2019-03,house,3,627037.9746835442
2019-03,house,4,816174.6987951808
2019-03,house,5,886833.3333333334
2019-03,unit,0,175000.0
2019-03,unit,1,359507.6923076923
2019-03,unit,2,398020.2702702703
2019-03,unit,3,634062.5
2019-04,house,2,555083.3333333334
2019-04,house,3,637188.3928571428
2019-04,house,4,783735.1111111111
2019-04,house,5,1017892.8571428572
2019-04,unit,1,319240.0
2019-04,unit,2,410828.47222222225
2019-04,unit,3,611666.6666666666
2019-04,unit,4,769500.0
2019-05,house,2,534833.3333333334
2019-05,house,3,609584.6774193548
2019-05,house,4,754035.8024691358
2019-05,house,5,880815.7894736842
2019-05,unit,1,325833.3333333333
2019-05,unit,2,477756.52173913043
2019-05,unit,3,700800.0
2019-06,house,2,455000.0
2019-06,house,3,638709.6774193548
2019-06,house,4,787601.0638297872
2019-06,house,5,1075187.5
2019-06,unit,1,306833.3333333333
2019-06,unit,2,487889.28571428574
2019-06,unit,3,506222.22222222225
2019-07,house,2,494454.54545454547
2019-07,house,3,605833.1521739131
2019-07,house,4,697491.4848484849
2019-07,house,5,889538.4615384615
2019-07,unit,0,199000.0
2019-07,unit,1,331261.90476190473
2019-07,unit,2,423194.53658536583
2019-07,unit,3,503490.0
